"name","type","n","missing","unique","mean","median","mode","mode_value","sd","v","min","max","range","skew","skew_2se","kurt","kurt_2se"
"length","numeric",6692,0,2746,5.16026102240059,2.712,2.712,NA,10.3146333772476,NA,1,137.828571428571,136.828571428571,6.51899810655033,108.880602402431,51.5204141413451,430.312369127578
"width","numeric",6692,0,2239,1.98562223550508,1.6515,1.6515,NA,1.32815009013878,NA,0.25,16,15.75,2.24783596894551,37.543458427257,11.461176527442,95.726831911375
"height_obs","numeric",332,0.950388523610281,20,1.27168674698795,1,1,NA,0.790681864558466,NA,0.1,5,4.9,1.87546471504039,7.00683238166177,4.44473753807158,8.32732935225528
"category","character",6692,0,4,NA,NA,5417,"Fragment",NA,0.325493921067666,NA,NA,NA,NA,NA,NA,NA
"poly_type","character",4741,0.2915421398685,4,NA,NA,4203,"PE",NA,0.202684592363216,NA,NA,NA,NA,NA,NA,NA
